{"cameraMode":{"drawMode":0,"name":"Shaded","section":"Shading Mode"},"sceneLighting":false,"audioPlay":false,"sceneViewState":{"showFog":false,"showMaterialUpdate":false,"showSkybox":false,"showFlares":false,"showImageEffects":false,"showParticleSystems":false},"in2DMode":false,"pivot":{"x":444.50946044921877,"y":226.6193084716797,"z":1.5547850131988526},"rotation":{"x":-0.007200134918093681,"y":0.0024398970417678358,"z":0.000018418235413264483,"w":0.9999733567237854},"size":578.2786865234375,"orthographic":false}