{"cameraMode":{"drawMode":0,"name":"Shaded","section":"Shading Mode"},"sceneLighting":true,"audioPlay":false,"sceneViewState":{"showFog":false,"showMaterialUpdate":false,"showSkybox":true,"showFlares":false,"showImageEffects":false,"showParticleSystems":false},"in2DMode":false,"pivot":{"x":0.9564679861068726,"y":1.0,"z":-0.15084081888198853},"rotation":{"x":0.15582118928432465,"y":0.22690127789974214,"z":-0.03680241107940674,"w":0.960669755935669},"size":8.34097671508789,"orthographic":false}